bob@xyz.com??bob
bilal@xyz.com??bilal
alex@xyz.com??alex
bernee@xyz.com??bernee
alice@abc.com??alice
alex@abc.com??alex
arun@abc.com??arun
ananya@abc.com??ananya
